prompt_type,text,label
MEAL_CHECK_PROMPT,밥 먹었어요.,0
MEAL_CHECK_PROMPT,방금 식사했어요.,0
MEAL_CHECK_PROMPT,아까 점심 먹었지.,0
MEAL_CHECK_PROMPT,식사 끝냈어요.,0
MEAL_CHECK_PROMPT,밥 다 먹었어.,0
MEAL_CHECK_PROMPT,밥 먹었어요.,0
MEAL_CHECK_PROMPT,방금 식사했어요.,0
MEAL_CHECK_PROMPT,아까 점심 먹었지.,0
MEAL_CHECK_PROMPT,식사 끝냈어요.,0
MEAL_CHECK_PROMPT,밥 다 먹었어.,0
MEAL_CHECK_PROMPT,밥 먹었어요.,0
MEAL_CHECK_PROMPT,방금 식사했어요.,0
MEAL_CHECK_PROMPT,아까 점심 먹었지.,0
MEAL_CHECK_PROMPT,식사 끝냈어요.,0
MEAL_CHECK_PROMPT,밥 다 먹었어.,0
MEAL_CHECK_PROMPT,밥 먹었어요.,0
MEAL_CHECK_PROMPT,방금 식사했어요.,0
MEAL_CHECK_PROMPT,아까 점심 먹었지.,0
MEAL_CHECK_PROMPT,식사 끝냈어요.,0
MEAL_CHECK_PROMPT,밥 다 먹었어.,0
MEAL_CHECK_PROMPT,밥 먹었어요.,0
MEAL_CHECK_PROMPT,방금 식사했어요.,0
MEAL_CHECK_PROMPT,아까 점심 먹었지.,0
MEAL_CHECK_PROMPT,식사 끝냈어요.,0
MEAL_CHECK_PROMPT,밥 다 먹었어.,0
MEAL_CHECK_PROMPT,밥 먹었어요.,0
MEAL_CHECK_PROMPT,방금 식사했어요.,0
MEAL_CHECK_PROMPT,아까 점심 먹었지.,0
MEAL_CHECK_PROMPT,식사 끝냈어요.,0
MEAL_CHECK_PROMPT,밥 다 먹었어.,0
MEAL_CHECK_PROMPT,밥 먹었어요.,0
MEAL_CHECK_PROMPT,방금 식사했어요.,0
MEAL_CHECK_PROMPT,아까 점심 먹었지.,0
MEAL_CHECK_PROMPT,아직 안 먹었어요.,1
MEAL_CHECK_PROMPT,"배고파요, 밥 안 먹었어요.",1
MEAL_CHECK_PROMPT,못 먹었어요.,1
MEAL_CHECK_PROMPT,오늘은 굶었어요.,1
MEAL_CHECK_PROMPT,먹기 싫어요.,1
MEAL_CHECK_PROMPT,아직 안 먹었어요.,1
MEAL_CHECK_PROMPT,"배고파요, 밥 안 먹었어요.",1
MEAL_CHECK_PROMPT,못 먹었어요.,1
MEAL_CHECK_PROMPT,오늘은 굶었어요.,1
MEAL_CHECK_PROMPT,먹기 싫어요.,1
MEAL_CHECK_PROMPT,아직 안 먹었어요.,1
MEAL_CHECK_PROMPT,"배고파요, 밥 안 먹었어요.",1
MEAL_CHECK_PROMPT,못 먹었어요.,1
MEAL_CHECK_PROMPT,오늘은 굶었어요.,1
MEAL_CHECK_PROMPT,먹기 싫어요.,1
MEAL_CHECK_PROMPT,아직 안 먹었어요.,1
MEAL_CHECK_PROMPT,"배고파요, 밥 안 먹었어요.",1
MEAL_CHECK_PROMPT,못 먹었어요.,1
MEAL_CHECK_PROMPT,오늘은 굶었어요.,1
MEAL_CHECK_PROMPT,먹기 싫어요.,1
MEAL_CHECK_PROMPT,아직 안 먹었어요.,1
MEAL_CHECK_PROMPT,"배고파요, 밥 안 먹었어요.",1
MEAL_CHECK_PROMPT,못 먹었어요.,1
MEAL_CHECK_PROMPT,오늘은 굶었어요.,1
MEAL_CHECK_PROMPT,먹기 싫어요.,1
MEAL_CHECK_PROMPT,아직 안 먹었어요.,1
MEAL_CHECK_PROMPT,"배고파요, 밥 안 먹었어요.",1
MEAL_CHECK_PROMPT,못 먹었어요.,1
MEAL_CHECK_PROMPT,오늘은 굶었어요.,1
MEAL_CHECK_PROMPT,먹기 싫어요.,1
MEAL_CHECK_PROMPT,아직 안 먹었어요.,1
MEAL_CHECK_PROMPT,"배고파요, 밥 안 먹었어요.",1
MEAL_CHECK_PROMPT,못 먹었어요.,1
MEAL_CHECK_PROMPT,뭐 좀 먹었나 안 먹었나...,2
MEAL_CHECK_PROMPT,그랬던 것 같기도 하고...,2
MEAL_CHECK_PROMPT,음... 잘 모르겠어요.,2
MEAL_CHECK_PROMPT,......,2
MEAL_CHECK_PROMPT,생각이 안 나요.,2
MEAL_CHECK_PROMPT,뭐 좀 먹었나 안 먹었나...,2
MEAL_CHECK_PROMPT,그랬던 것 같기도 하고...,2
MEAL_CHECK_PROMPT,음... 잘 모르겠어요.,2
MEAL_CHECK_PROMPT,......,2
MEAL_CHECK_PROMPT,생각이 안 나요.,2
MEAL_CHECK_PROMPT,뭐 좀 먹었나 안 먹었나...,2
MEAL_CHECK_PROMPT,그랬던 것 같기도 하고...,2
MEAL_CHECK_PROMPT,음... 잘 모르겠어요.,2
MEAL_CHECK_PROMPT,......,2
MEAL_CHECK_PROMPT,생각이 안 나요.,2
MEAL_CHECK_PROMPT,뭐 좀 먹었나 안 먹었나...,2
MEAL_CHECK_PROMPT,그랬던 것 같기도 하고...,2
MEAL_CHECK_PROMPT,음... 잘 모르겠어요.,2
MEAL_CHECK_PROMPT,......,2
MEAL_CHECK_PROMPT,생각이 안 나요.,2
MEAL_CHECK_PROMPT,뭐 좀 먹었나 안 먹었나...,2
MEAL_CHECK_PROMPT,그랬던 것 같기도 하고...,2
MEAL_CHECK_PROMPT,음... 잘 모르겠어요.,2
MEAL_CHECK_PROMPT,......,2
MEAL_CHECK_PROMPT,생각이 안 나요.,2
MEAL_CHECK_PROMPT,뭐 좀 먹었나 안 먹었나...,2
MEAL_CHECK_PROMPT,그랬던 것 같기도 하고...,2
MEAL_CHECK_PROMPT,음... 잘 모르겠어요.,2
MEAL_CHECK_PROMPT,......,2
MEAL_CHECK_PROMPT,생각이 안 나요.,2
MEAL_CHECK_PROMPT,뭐 좀 먹었나 안 먹었나...,2
MEAL_CHECK_PROMPT,그랬던 것 같기도 하고...,2
MEAL_CHECK_PROMPT,음... 잘 모르겠어요.,2
MEDICINE_INDUCTION_PROMPT,"응, 약 먹을게요.",0
MEDICINE_INDUCTION_PROMPT,약 먹겠습니다.,0
MEDICINE_INDUCTION_PROMPT,"알겠어요, 먹을게요.",0
MEDICINE_INDUCTION_PROMPT,약 챙겨 먹을게요.,0
MEDICINE_INDUCTION_PROMPT,지금 먹으러 갈게요.,0
MEDICINE_INDUCTION_PROMPT,"응, 약 먹을게요.",0
MEDICINE_INDUCTION_PROMPT,약 먹겠습니다.,0
MEDICINE_INDUCTION_PROMPT,"알겠어요, 먹을게요.",0
MEDICINE_INDUCTION_PROMPT,약 챙겨 먹을게요.,0
MEDICINE_INDUCTION_PROMPT,지금 먹으러 갈게요.,0
MEDICINE_INDUCTION_PROMPT,"응, 약 먹을게요.",0
MEDICINE_INDUCTION_PROMPT,약 먹겠습니다.,0
MEDICINE_INDUCTION_PROMPT,"알겠어요, 먹을게요.",0
MEDICINE_INDUCTION_PROMPT,약 챙겨 먹을게요.,0
MEDICINE_INDUCTION_PROMPT,지금 먹으러 갈게요.,0
MEDICINE_INDUCTION_PROMPT,"응, 약 먹을게요.",0
MEDICINE_INDUCTION_PROMPT,약 먹겠습니다.,0
MEDICINE_INDUCTION_PROMPT,"알겠어요, 먹을게요.",0
MEDICINE_INDUCTION_PROMPT,약 챙겨 먹을게요.,0
MEDICINE_INDUCTION_PROMPT,지금 먹으러 갈게요.,0
MEDICINE_INDUCTION_PROMPT,"응, 약 먹을게요.",0
MEDICINE_INDUCTION_PROMPT,약 먹겠습니다.,0
MEDICINE_INDUCTION_PROMPT,"알겠어요, 먹을게요.",0
MEDICINE_INDUCTION_PROMPT,약 챙겨 먹을게요.,0
MEDICINE_INDUCTION_PROMPT,지금 먹으러 갈게요.,0
MEDICINE_INDUCTION_PROMPT,"응, 약 먹을게요.",0
MEDICINE_INDUCTION_PROMPT,약 먹겠습니다.,0
MEDICINE_INDUCTION_PROMPT,"알겠어요, 먹을게요.",0
MEDICINE_INDUCTION_PROMPT,약 챙겨 먹을게요.,0
MEDICINE_INDUCTION_PROMPT,지금 먹으러 갈게요.,0
MEDICINE_INDUCTION_PROMPT,"응, 약 먹을게요.",0
MEDICINE_INDUCTION_PROMPT,약 먹겠습니다.,0
MEDICINE_INDUCTION_PROMPT,"알겠어요, 먹을게요.",0
MEDICINE_INDUCTION_PROMPT,먹기 싫어요.,1
MEDICINE_INDUCTION_PROMPT,귀찮아서 안 먹고 싶어요.,1
MEDICINE_INDUCTION_PROMPT,매번 챙겨먹는 게 힘들어요.,1
MEDICINE_INDUCTION_PROMPT,약 필요 없어요.,1
MEDICINE_INDUCTION_PROMPT,안 먹어도 될 것 같아요.,1
MEDICINE_INDUCTION_PROMPT,먹기 싫어요.,1
MEDICINE_INDUCTION_PROMPT,귀찮아서 안 먹고 싶어요.,1
MEDICINE_INDUCTION_PROMPT,매번 챙겨먹는 게 힘들어요.,1
MEDICINE_INDUCTION_PROMPT,약 필요 없어요.,1
MEDICINE_INDUCTION_PROMPT,안 먹어도 될 것 같아요.,1
MEDICINE_INDUCTION_PROMPT,먹기 싫어요.,1
MEDICINE_INDUCTION_PROMPT,귀찮아서 안 먹고 싶어요.,1
MEDICINE_INDUCTION_PROMPT,매번 챙겨먹는 게 힘들어요.,1
MEDICINE_INDUCTION_PROMPT,약 필요 없어요.,1
MEDICINE_INDUCTION_PROMPT,안 먹어도 될 것 같아요.,1
MEDICINE_INDUCTION_PROMPT,먹기 싫어요.,1
MEDICINE_INDUCTION_PROMPT,귀찮아서 안 먹고 싶어요.,1
MEDICINE_INDUCTION_PROMPT,매번 챙겨먹는 게 힘들어요.,1
MEDICINE_INDUCTION_PROMPT,약 필요 없어요.,1
MEDICINE_INDUCTION_PROMPT,안 먹어도 될 것 같아요.,1
MEDICINE_INDUCTION_PROMPT,먹기 싫어요.,1
MEDICINE_INDUCTION_PROMPT,귀찮아서 안 먹고 싶어요.,1
MEDICINE_INDUCTION_PROMPT,매번 챙겨먹는 게 힘들어요.,1
MEDICINE_INDUCTION_PROMPT,약 필요 없어요.,1
MEDICINE_INDUCTION_PROMPT,안 먹어도 될 것 같아요.,1
MEDICINE_INDUCTION_PROMPT,먹기 싫어요.,1
MEDICINE_INDUCTION_PROMPT,귀찮아서 안 먹고 싶어요.,1
MEDICINE_INDUCTION_PROMPT,매번 챙겨먹는 게 힘들어요.,1
MEDICINE_INDUCTION_PROMPT,약 필요 없어요.,1
MEDICINE_INDUCTION_PROMPT,안 먹어도 될 것 같아요.,1
MEDICINE_INDUCTION_PROMPT,먹기 싫어요.,1
MEDICINE_INDUCTION_PROMPT,귀찮아서 안 먹고 싶어요.,1
MEDICINE_INDUCTION_PROMPT,매번 챙겨먹는 게 힘들어요.,1
MEDICINE_INDUCTION_PROMPT,음... 고민 중이에요.,2
MEDICINE_INDUCTION_PROMPT,잘 모르겠어요.,2
MEDICINE_INDUCTION_PROMPT,응답을 못 했어요.,2
MEDICINE_INDUCTION_PROMPT,지금 생각이 안 나요.,2
MEDICINE_INDUCTION_PROMPT,...,2
MEDICINE_INDUCTION_PROMPT,음... 고민 중이에요.,2
MEDICINE_INDUCTION_PROMPT,잘 모르겠어요.,2
MEDICINE_INDUCTION_PROMPT,응답을 못 했어요.,2
MEDICINE_INDUCTION_PROMPT,지금 생각이 안 나요.,2
MEDICINE_INDUCTION_PROMPT,...,2
MEDICINE_INDUCTION_PROMPT,음... 고민 중이에요.,2
MEDICINE_INDUCTION_PROMPT,잘 모르겠어요.,2
MEDICINE_INDUCTION_PROMPT,응답을 못 했어요.,2
MEDICINE_INDUCTION_PROMPT,지금 생각이 안 나요.,2
MEDICINE_INDUCTION_PROMPT,...,2
MEDICINE_INDUCTION_PROMPT,음... 고민 중이에요.,2
MEDICINE_INDUCTION_PROMPT,잘 모르겠어요.,2
MEDICINE_INDUCTION_PROMPT,응답을 못 했어요.,2
MEDICINE_INDUCTION_PROMPT,지금 생각이 안 나요.,2
MEDICINE_INDUCTION_PROMPT,...,2
MEDICINE_INDUCTION_PROMPT,음... 고민 중이에요.,2
MEDICINE_INDUCTION_PROMPT,잘 모르겠어요.,2
MEDICINE_INDUCTION_PROMPT,응답을 못 했어요.,2
MEDICINE_INDUCTION_PROMPT,지금 생각이 안 나요.,2
MEDICINE_INDUCTION_PROMPT,...,2
MEDICINE_INDUCTION_PROMPT,음... 고민 중이에요.,2
MEDICINE_INDUCTION_PROMPT,잘 모르겠어요.,2
MEDICINE_INDUCTION_PROMPT,응답을 못 했어요.,2
MEDICINE_INDUCTION_PROMPT,지금 생각이 안 나요.,2
MEDICINE_INDUCTION_PROMPT,...,2
MEDICINE_INDUCTION_PROMPT,음... 고민 중이에요.,2
MEDICINE_INDUCTION_PROMPT,잘 모르겠어요.,2
MEDICINE_INDUCTION_PROMPT,응답을 못 했어요.,2
MEDICINE_NOTIFICATION_PROMPT,지금 약 드실 시간이에요 어르신.,0
MEDICINE_NOTIFICATION_PROMPT,건강을 지키는 한 걸음! 이제 약 챙기실 시간이에요.,0
MEDICINE_NOTIFICATION_PROMPT,식사 맛있게 하셨나요? 약 드시는 것도 잊지 않으셨죠?,0
MEDICINE_NOTIFICATION_PROMPT,"어르신, 약 챙기실 시간이에요. 깜빡하지 마세요.",0
MEDICINE_NOTIFICATION_PROMPT,시간 맞춰서 약 드시면 건강에 좋아요!,0
MEDICINE_NOTIFICATION_PROMPT,지금 약 드실 시간이에요 어르신.,0
MEDICINE_NOTIFICATION_PROMPT,건강을 지키는 한 걸음! 이제 약 챙기실 시간이에요.,0
MEDICINE_NOTIFICATION_PROMPT,식사 맛있게 하셨나요? 약 드시는 것도 잊지 않으셨죠?,0
MEDICINE_NOTIFICATION_PROMPT,"어르신, 약 챙기실 시간이에요. 깜빡하지 마세요.",0
MEDICINE_NOTIFICATION_PROMPT,시간 맞춰서 약 드시면 건강에 좋아요!,0
MEDICINE_NOTIFICATION_PROMPT,지금 약 드실 시간이에요 어르신.,0
MEDICINE_NOTIFICATION_PROMPT,건강을 지키는 한 걸음! 이제 약 챙기실 시간이에요.,0
MEDICINE_NOTIFICATION_PROMPT,식사 맛있게 하셨나요? 약 드시는 것도 잊지 않으셨죠?,0
MEDICINE_NOTIFICATION_PROMPT,"어르신, 약 챙기실 시간이에요. 깜빡하지 마세요.",0
MEDICINE_NOTIFICATION_PROMPT,시간 맞춰서 약 드시면 건강에 좋아요!,0
MEDICINE_NOTIFICATION_PROMPT,지금 약 드실 시간이에요 어르신.,0
MEDICINE_NOTIFICATION_PROMPT,건강을 지키는 한 걸음! 이제 약 챙기실 시간이에요.,0
MEDICINE_NOTIFICATION_PROMPT,식사 맛있게 하셨나요? 약 드시는 것도 잊지 않으셨죠?,0
MEDICINE_NOTIFICATION_PROMPT,"어르신, 약 챙기실 시간이에요. 깜빡하지 마세요.",0
MEDICINE_NOTIFICATION_PROMPT,시간 맞춰서 약 드시면 건강에 좋아요!,0
MEDICINE_NOTIFICATION_PROMPT,지금 약 드실 시간이에요 어르신.,0
MEDICINE_NOTIFICATION_PROMPT,건강을 지키는 한 걸음! 이제 약 챙기실 시간이에요.,0
MEDICINE_NOTIFICATION_PROMPT,식사 맛있게 하셨나요? 약 드시는 것도 잊지 않으셨죠?,0
MEDICINE_NOTIFICATION_PROMPT,"어르신, 약 챙기실 시간이에요. 깜빡하지 마세요.",0
MEDICINE_NOTIFICATION_PROMPT,시간 맞춰서 약 드시면 건강에 좋아요!,0
MEDICINE_NOTIFICATION_PROMPT,지금 약 드실 시간이에요 어르신.,0
MEDICINE_NOTIFICATION_PROMPT,건강을 지키는 한 걸음! 이제 약 챙기실 시간이에요.,0
MEDICINE_NOTIFICATION_PROMPT,식사 맛있게 하셨나요? 약 드시는 것도 잊지 않으셨죠?,0
MEDICINE_NOTIFICATION_PROMPT,"어르신, 약 챙기실 시간이에요. 깜빡하지 마세요.",0
MEDICINE_NOTIFICATION_PROMPT,시간 맞춰서 약 드시면 건강에 좋아요!,0
MEDICINE_NOTIFICATION_PROMPT,지금 약 드실 시간이에요 어르신.,0
MEDICINE_NOTIFICATION_PROMPT,건강을 지키는 한 걸음! 이제 약 챙기실 시간이에요.,0
MEDICINE_NOTIFICATION_PROMPT,식사 맛있게 하셨나요? 약 드시는 것도 잊지 않으셨죠?,0
MEDICINE_NOTIFICATION_PROMPT,"어르신, 약 챙기실 시간이에요. 깜빡하지 마세요.",0
MEDICINE_NOTIFICATION_PROMPT,시간 맞춰서 약 드시면 건강에 좋아요!,0
MEDICINE_NOTIFICATION_PROMPT,지금 약 드실 시간이에요 어르신.,0
MEDICINE_NOTIFICATION_PROMPT,건강을 지키는 한 걸음! 이제 약 챙기실 시간이에요.,0
MEDICINE_NOTIFICATION_PROMPT,식사 맛있게 하셨나요? 약 드시는 것도 잊지 않으셨죠?,0
MEDICINE_NOTIFICATION_PROMPT,"어르신, 약 챙기실 시간이에요. 깜빡하지 마세요.",0
MEDICINE_NOTIFICATION_PROMPT,시간 맞춰서 약 드시면 건강에 좋아요!,0
MEDICINE_NOTIFICATION_PROMPT,지금 약 드실 시간이에요 어르신.,0
MEDICINE_NOTIFICATION_PROMPT,건강을 지키는 한 걸음! 이제 약 챙기실 시간이에요.,0
MEDICINE_NOTIFICATION_PROMPT,식사 맛있게 하셨나요? 약 드시는 것도 잊지 않으셨죠?,0
MEDICINE_NOTIFICATION_PROMPT,"어르신, 약 챙기실 시간이에요. 깜빡하지 마세요.",0
MEDICINE_NOTIFICATION_PROMPT,시간 맞춰서 약 드시면 건강에 좋아요!,0
MEDICINE_NOTIFICATION_PROMPT,지금 약 드실 시간이에요 어르신.,0
MEDICINE_NOTIFICATION_PROMPT,건강을 지키는 한 걸음! 이제 약 챙기실 시간이에요.,0
MEDICINE_NOTIFICATION_PROMPT,식사 맛있게 하셨나요? 약 드시는 것도 잊지 않으셨죠?,0
MEDICINE_NOTIFICATION_PROMPT,"어르신, 약 챙기실 시간이에요. 깜빡하지 마세요.",0
MEDICINE_NOTIFICATION_PROMPT,시간 맞춰서 약 드시면 건강에 좋아요!,0
MEDICINE_NOTIFICATION_PROMPT,지금 약 드실 시간이에요 어르신.,0
MEDICINE_NOTIFICATION_PROMPT,건강을 지키는 한 걸음! 이제 약 챙기실 시간이에요.,0
MEDICINE_NOTIFICATION_PROMPT,식사 맛있게 하셨나요? 약 드시는 것도 잊지 않으셨죠?,0
MEDICINE_NOTIFICATION_PROMPT,"어르신, 약 챙기실 시간이에요. 깜빡하지 마세요.",0
MEDICINE_NOTIFICATION_PROMPT,시간 맞춰서 약 드시면 건강에 좋아요!,0
MEDICINE_NOTIFICATION_PROMPT,지금 약 드실 시간이에요 어르신.,0
MEDICINE_NOTIFICATION_PROMPT,건강을 지키는 한 걸음! 이제 약 챙기실 시간이에요.,0
MEDICINE_NOTIFICATION_PROMPT,식사 맛있게 하셨나요? 약 드시는 것도 잊지 않으셨죠?,0
MEDICINE_NOTIFICATION_PROMPT,"어르신, 약 챙기실 시간이에요. 깜빡하지 마세요.",0
MEDICINE_NOTIFICATION_PROMPT,시간 맞춰서 약 드시면 건강에 좋아요!,0
MEDICINE_NOTIFICATION_PROMPT,지금 약 드실 시간이에요 어르신.,0
MEDICINE_NOTIFICATION_PROMPT,건강을 지키는 한 걸음! 이제 약 챙기실 시간이에요.,0
MEDICINE_NOTIFICATION_PROMPT,식사 맛있게 하셨나요? 약 드시는 것도 잊지 않으셨죠?,0
MEDICINE_NOTIFICATION_PROMPT,"어르신, 약 챙기실 시간이에요. 깜빡하지 마세요.",0
MEDICINE_NOTIFICATION_PROMPT,시간 맞춰서 약 드시면 건강에 좋아요!,0
MEDICINE_NOTIFICATION_PROMPT,지금 약 드실 시간이에요 어르신.,0
MEDICINE_NOTIFICATION_PROMPT,건강을 지키는 한 걸음! 이제 약 챙기실 시간이에요.,0
MEDICINE_NOTIFICATION_PROMPT,식사 맛있게 하셨나요? 약 드시는 것도 잊지 않으셨죠?,0
MEDICINE_NOTIFICATION_PROMPT,"어르신, 약 챙기실 시간이에요. 깜빡하지 마세요.",0
MEDICINE_NOTIFICATION_PROMPT,시간 맞춰서 약 드시면 건강에 좋아요!,0
MEDICINE_NOTIFICATION_PROMPT,지금 약 드실 시간이에요 어르신.,0
MEDICINE_NOTIFICATION_PROMPT,건강을 지키는 한 걸음! 이제 약 챙기실 시간이에요.,0
MEDICINE_NOTIFICATION_PROMPT,식사 맛있게 하셨나요? 약 드시는 것도 잊지 않으셨죠?,0
MEDICINE_NOTIFICATION_PROMPT,"어르신, 약 챙기실 시간이에요. 깜빡하지 마세요.",0
MEDICINE_NOTIFICATION_PROMPT,시간 맞춰서 약 드시면 건강에 좋아요!,0
MEDICINE_NOTIFICATION_PROMPT,지금 약 드실 시간이에요 어르신.,0
MEDICINE_NOTIFICATION_PROMPT,건강을 지키는 한 걸음! 이제 약 챙기실 시간이에요.,0
MEDICINE_NOTIFICATION_PROMPT,식사 맛있게 하셨나요? 약 드시는 것도 잊지 않으셨죠?,0
MEDICINE_NOTIFICATION_PROMPT,"어르신, 약 챙기실 시간이에요. 깜빡하지 마세요.",0
MEDICINE_NOTIFICATION_PROMPT,시간 맞춰서 약 드시면 건강에 좋아요!,0
MEDICINE_NOTIFICATION_PROMPT,지금 약 드실 시간이에요 어르신.,0
MEDICINE_NOTIFICATION_PROMPT,건강을 지키는 한 걸음! 이제 약 챙기실 시간이에요.,0
MEDICINE_NOTIFICATION_PROMPT,식사 맛있게 하셨나요? 약 드시는 것도 잊지 않으셨죠?,0
MEDICINE_NOTIFICATION_PROMPT,"어르신, 약 챙기실 시간이에요. 깜빡하지 마세요.",0
MEDICINE_NOTIFICATION_PROMPT,시간 맞춰서 약 드시면 건강에 좋아요!,0
MEDICINE_NOTIFICATION_PROMPT,지금 약 드실 시간이에요 어르신.,0
MEDICINE_NOTIFICATION_PROMPT,건강을 지키는 한 걸음! 이제 약 챙기실 시간이에요.,0
MEDICINE_NOTIFICATION_PROMPT,식사 맛있게 하셨나요? 약 드시는 것도 잊지 않으셨죠?,0
MEDICINE_NOTIFICATION_PROMPT,"어르신, 약 챙기실 시간이에요. 깜빡하지 마세요.",0
MEDICINE_NOTIFICATION_PROMPT,시간 맞춰서 약 드시면 건강에 좋아요!,0
MEDICINE_NOTIFICATION_PROMPT,지금 약 드실 시간이에요 어르신.,0
MEDICINE_NOTIFICATION_PROMPT,건강을 지키는 한 걸음! 이제 약 챙기실 시간이에요.,0
MEDICINE_NOTIFICATION_PROMPT,식사 맛있게 하셨나요? 약 드시는 것도 잊지 않으셨죠?,0
MEDICINE_NOTIFICATION_PROMPT,"어르신, 약 챙기실 시간이에요. 깜빡하지 마세요.",0
MEDICINE_NOTIFICATION_PROMPT,시간 맞춰서 약 드시면 건강에 좋아요!,0
MEDICINE_NOTIFICATION_PROMPT,지금 약 드실 시간이에요 어르신.,0
MEDICINE_NOTIFICATION_PROMPT,건강을 지키는 한 걸음! 이제 약 챙기실 시간이에요.,0
MEDICINE_NOTIFICATION_PROMPT,식사 맛있게 하셨나요? 약 드시는 것도 잊지 않으셨죠?,0
MEDICINE_NOTIFICATION_PROMPT,"어르신, 약 챙기실 시간이에요. 깜빡하지 마세요.",0
MEDICINE_NOTIFICATION_PROMPT,시간 맞춰서 약 드시면 건강에 좋아요!,0
MEDICINE_CONFIRMATION_PROMPT,약 아까 2시에 먹었어요.,0
MEDICINE_CONFIRMATION_PROMPT,5분 전에 먹었어요.,0
MEDICINE_CONFIRMATION_PROMPT,약 먹었습니다.,0
MEDICINE_CONFIRMATION_PROMPT,두 시간 전에 먹었어요.,0
MEDICINE_CONFIRMATION_PROMPT,오늘 아침에 먹었어요.,0
MEDICINE_CONFIRMATION_PROMPT,약 아까 2시에 먹었어요.,0
MEDICINE_CONFIRMATION_PROMPT,5분 전에 먹었어요.,0
MEDICINE_CONFIRMATION_PROMPT,약 먹었습니다.,0
MEDICINE_CONFIRMATION_PROMPT,두 시간 전에 먹었어요.,0
MEDICINE_CONFIRMATION_PROMPT,오늘 아침에 먹었어요.,0
MEDICINE_CONFIRMATION_PROMPT,약 아까 2시에 먹었어요.,0
MEDICINE_CONFIRMATION_PROMPT,5분 전에 먹었어요.,0
MEDICINE_CONFIRMATION_PROMPT,약 먹었습니다.,0
MEDICINE_CONFIRMATION_PROMPT,두 시간 전에 먹었어요.,0
MEDICINE_CONFIRMATION_PROMPT,오늘 아침에 먹었어요.,0
MEDICINE_CONFIRMATION_PROMPT,약 아까 2시에 먹었어요.,0
MEDICINE_CONFIRMATION_PROMPT,5분 전에 먹었어요.,0
MEDICINE_CONFIRMATION_PROMPT,약 먹었습니다.,0
MEDICINE_CONFIRMATION_PROMPT,두 시간 전에 먹었어요.,0
MEDICINE_CONFIRMATION_PROMPT,오늘 아침에 먹었어요.,0
MEDICINE_CONFIRMATION_PROMPT,약 아까 2시에 먹었어요.,0
MEDICINE_CONFIRMATION_PROMPT,5분 전에 먹었어요.,0
MEDICINE_CONFIRMATION_PROMPT,약 먹었습니다.,0
MEDICINE_CONFIRMATION_PROMPT,두 시간 전에 먹었어요.,0
MEDICINE_CONFIRMATION_PROMPT,오늘 아침에 먹었어요.,0
MEDICINE_CONFIRMATION_PROMPT,약 아까 2시에 먹었어요.,0
MEDICINE_CONFIRMATION_PROMPT,5분 전에 먹었어요.,0
MEDICINE_CONFIRMATION_PROMPT,약 먹었습니다.,0
MEDICINE_CONFIRMATION_PROMPT,두 시간 전에 먹었어요.,0
MEDICINE_CONFIRMATION_PROMPT,오늘 아침에 먹었어요.,0
MEDICINE_CONFIRMATION_PROMPT,약 아까 2시에 먹었어요.,0
MEDICINE_CONFIRMATION_PROMPT,5분 전에 먹었어요.,0
MEDICINE_CONFIRMATION_PROMPT,약 먹었습니다.,0
MEDICINE_CONFIRMATION_PROMPT,아직 안 먹었어요.,1
MEDICINE_CONFIRMATION_PROMPT,안 먹었네요.,1
MEDICINE_CONFIRMATION_PROMPT,오늘은 약 안 챙겼어요.,1
MEDICINE_CONFIRMATION_PROMPT,잊고 있었어요.,1
MEDICINE_CONFIRMATION_PROMPT,약 먹는 걸 까먹었어요.,1
MEDICINE_CONFIRMATION_PROMPT,아직 안 먹었어요.,1
MEDICINE_CONFIRMATION_PROMPT,안 먹었네요.,1
MEDICINE_CONFIRMATION_PROMPT,오늘은 약 안 챙겼어요.,1
MEDICINE_CONFIRMATION_PROMPT,잊고 있었어요.,1
MEDICINE_CONFIRMATION_PROMPT,약 먹는 걸 까먹었어요.,1
MEDICINE_CONFIRMATION_PROMPT,아직 안 먹었어요.,1
MEDICINE_CONFIRMATION_PROMPT,안 먹었네요.,1
MEDICINE_CONFIRMATION_PROMPT,오늘은 약 안 챙겼어요.,1
MEDICINE_CONFIRMATION_PROMPT,잊고 있었어요.,1
MEDICINE_CONFIRMATION_PROMPT,약 먹는 걸 까먹었어요.,1
MEDICINE_CONFIRMATION_PROMPT,아직 안 먹었어요.,1
MEDICINE_CONFIRMATION_PROMPT,안 먹었네요.,1
MEDICINE_CONFIRMATION_PROMPT,오늘은 약 안 챙겼어요.,1
MEDICINE_CONFIRMATION_PROMPT,잊고 있었어요.,1
MEDICINE_CONFIRMATION_PROMPT,약 먹는 걸 까먹었어요.,1
MEDICINE_CONFIRMATION_PROMPT,아직 안 먹었어요.,1
MEDICINE_CONFIRMATION_PROMPT,안 먹었네요.,1
MEDICINE_CONFIRMATION_PROMPT,오늘은 약 안 챙겼어요.,1
MEDICINE_CONFIRMATION_PROMPT,잊고 있었어요.,1
MEDICINE_CONFIRMATION_PROMPT,약 먹는 걸 까먹었어요.,1
MEDICINE_CONFIRMATION_PROMPT,아직 안 먹었어요.,1
MEDICINE_CONFIRMATION_PROMPT,안 먹었네요.,1
MEDICINE_CONFIRMATION_PROMPT,오늘은 약 안 챙겼어요.,1
MEDICINE_CONFIRMATION_PROMPT,잊고 있었어요.,1
MEDICINE_CONFIRMATION_PROMPT,약 먹는 걸 까먹었어요.,1
MEDICINE_CONFIRMATION_PROMPT,아직 안 먹었어요.,1
MEDICINE_CONFIRMATION_PROMPT,안 먹었네요.,1
MEDICINE_CONFIRMATION_PROMPT,오늘은 약 안 챙겼어요.,1
MEDICINE_CONFIRMATION_PROMPT,영감이 먹었다카이.,2
MEDICINE_CONFIRMATION_PROMPT,잘 기억이 안 나요.,2
MEDICINE_CONFIRMATION_PROMPT,생각이 안 나네요.,2
MEDICINE_CONFIRMATION_PROMPT,응답이 없어요.,2
MEDICINE_CONFIRMATION_PROMPT,그게... 글쎄요.,2
MEDICINE_CONFIRMATION_PROMPT,영감이 먹었다카이.,2
MEDICINE_CONFIRMATION_PROMPT,잘 기억이 안 나요.,2
MEDICINE_CONFIRMATION_PROMPT,생각이 안 나네요.,2
MEDICINE_CONFIRMATION_PROMPT,응답이 없어요.,2
MEDICINE_CONFIRMATION_PROMPT,그게... 글쎄요.,2
MEDICINE_CONFIRMATION_PROMPT,영감이 먹었다카이.,2
MEDICINE_CONFIRMATION_PROMPT,잘 기억이 안 나요.,2
MEDICINE_CONFIRMATION_PROMPT,생각이 안 나네요.,2
MEDICINE_CONFIRMATION_PROMPT,응답이 없어요.,2
MEDICINE_CONFIRMATION_PROMPT,그게... 글쎄요.,2
MEDICINE_CONFIRMATION_PROMPT,영감이 먹었다카이.,2
MEDICINE_CONFIRMATION_PROMPT,잘 기억이 안 나요.,2
MEDICINE_CONFIRMATION_PROMPT,생각이 안 나네요.,2
MEDICINE_CONFIRMATION_PROMPT,응답이 없어요.,2
MEDICINE_CONFIRMATION_PROMPT,그게... 글쎄요.,2
MEDICINE_CONFIRMATION_PROMPT,영감이 먹었다카이.,2
MEDICINE_CONFIRMATION_PROMPT,잘 기억이 안 나요.,2
MEDICINE_CONFIRMATION_PROMPT,생각이 안 나네요.,2
MEDICINE_CONFIRMATION_PROMPT,응답이 없어요.,2
MEDICINE_CONFIRMATION_PROMPT,그게... 글쎄요.,2
MEDICINE_CONFIRMATION_PROMPT,영감이 먹었다카이.,2
MEDICINE_CONFIRMATION_PROMPT,잘 기억이 안 나요.,2
MEDICINE_CONFIRMATION_PROMPT,생각이 안 나네요.,2
MEDICINE_CONFIRMATION_PROMPT,응답이 없어요.,2
MEDICINE_CONFIRMATION_PROMPT,그게... 글쎄요.,2
MEDICINE_CONFIRMATION_PROMPT,영감이 먹었다카이.,2
MEDICINE_CONFIRMATION_PROMPT,잘 기억이 안 나요.,2
MEDICINE_CONFIRMATION_PROMPT,생각이 안 나네요.,2
DAILY_TALKING_PROMPT,오늘 날씨가 좋네요.,0
DAILY_TALKING_PROMPT,요즘은 기분이 좀 괜찮아요.,0
DAILY_TALKING_PROMPT,따뜻한 차 한 잔 하고 싶어요.,0
DAILY_TALKING_PROMPT,산책 나갔다 왔어요.,0
DAILY_TALKING_PROMPT,오늘도 평온했어요.,0
DAILY_TALKING_PROMPT,오늘 날씨가 좋네요.,0
DAILY_TALKING_PROMPT,요즘은 기분이 좀 괜찮아요.,0
DAILY_TALKING_PROMPT,따뜻한 차 한 잔 하고 싶어요.,0
DAILY_TALKING_PROMPT,산책 나갔다 왔어요.,0
DAILY_TALKING_PROMPT,오늘도 평온했어요.,0
DAILY_TALKING_PROMPT,오늘 날씨가 좋네요.,0
DAILY_TALKING_PROMPT,요즘은 기분이 좀 괜찮아요.,0
DAILY_TALKING_PROMPT,따뜻한 차 한 잔 하고 싶어요.,0
DAILY_TALKING_PROMPT,산책 나갔다 왔어요.,0
DAILY_TALKING_PROMPT,오늘도 평온했어요.,0
DAILY_TALKING_PROMPT,오늘 날씨가 좋네요.,0
DAILY_TALKING_PROMPT,요즘은 기분이 좀 괜찮아요.,0
DAILY_TALKING_PROMPT,따뜻한 차 한 잔 하고 싶어요.,0
DAILY_TALKING_PROMPT,산책 나갔다 왔어요.,0
DAILY_TALKING_PROMPT,오늘도 평온했어요.,0
DAILY_TALKING_PROMPT,오늘 날씨가 좋네요.,0
DAILY_TALKING_PROMPT,요즘은 기분이 좀 괜찮아요.,0
DAILY_TALKING_PROMPT,따뜻한 차 한 잔 하고 싶어요.,0
DAILY_TALKING_PROMPT,산책 나갔다 왔어요.,0
DAILY_TALKING_PROMPT,오늘도 평온했어요.,0
DAILY_TALKING_PROMPT,오늘 날씨가 좋네요.,0
DAILY_TALKING_PROMPT,요즘은 기분이 좀 괜찮아요.,0
DAILY_TALKING_PROMPT,따뜻한 차 한 잔 하고 싶어요.,0
DAILY_TALKING_PROMPT,산책 나갔다 왔어요.,0
DAILY_TALKING_PROMPT,오늘도 평온했어요.,0
DAILY_TALKING_PROMPT,오늘 날씨가 좋네요.,0
DAILY_TALKING_PROMPT,요즘은 기분이 좀 괜찮아요.,0
DAILY_TALKING_PROMPT,따뜻한 차 한 잔 하고 싶어요.,0
DAILY_TALKING_PROMPT,산책 나갔다 왔어요.,0
DAILY_TALKING_PROMPT,오늘도 평온했어요.,0
DAILY_TALKING_PROMPT,오늘 날씨가 좋네요.,0
DAILY_TALKING_PROMPT,요즘은 기분이 좀 괜찮아요.,0
DAILY_TALKING_PROMPT,따뜻한 차 한 잔 하고 싶어요.,0
DAILY_TALKING_PROMPT,산책 나갔다 왔어요.,0
DAILY_TALKING_PROMPT,오늘도 평온했어요.,0
DAILY_TALKING_PROMPT,오늘 날씨가 좋네요.,0
DAILY_TALKING_PROMPT,요즘은 기분이 좀 괜찮아요.,0
DAILY_TALKING_PROMPT,따뜻한 차 한 잔 하고 싶어요.,0
DAILY_TALKING_PROMPT,산책 나갔다 왔어요.,0
DAILY_TALKING_PROMPT,오늘도 평온했어요.,0
DAILY_TALKING_PROMPT,오늘 날씨가 좋네요.,0
DAILY_TALKING_PROMPT,요즘은 기분이 좀 괜찮아요.,0
DAILY_TALKING_PROMPT,따뜻한 차 한 잔 하고 싶어요.,0
DAILY_TALKING_PROMPT,산책 나갔다 왔어요.,0
DAILY_TALKING_PROMPT,오늘도 평온했어요.,0
DAILY_TALKING_PROMPT,배가 너무 아파요.,1
DAILY_TALKING_PROMPT,숨이 잘 안 쉬어져요.,1
DAILY_TALKING_PROMPT,어지럽고 토할 것 같아요.,1
DAILY_TALKING_PROMPT,나 좀 살려줘요.,1
DAILY_TALKING_PROMPT,"너무 아파요, 병원 가야 할 것 같아요.",1
DAILY_TALKING_PROMPT,배가 너무 아파요.,1
DAILY_TALKING_PROMPT,숨이 잘 안 쉬어져요.,1
DAILY_TALKING_PROMPT,어지럽고 토할 것 같아요.,1
DAILY_TALKING_PROMPT,나 좀 살려줘요.,1
DAILY_TALKING_PROMPT,"너무 아파요, 병원 가야 할 것 같아요.",1
DAILY_TALKING_PROMPT,배가 너무 아파요.,1
DAILY_TALKING_PROMPT,숨이 잘 안 쉬어져요.,1
DAILY_TALKING_PROMPT,어지럽고 토할 것 같아요.,1
DAILY_TALKING_PROMPT,나 좀 살려줘요.,1
DAILY_TALKING_PROMPT,"너무 아파요, 병원 가야 할 것 같아요.",1
DAILY_TALKING_PROMPT,배가 너무 아파요.,1
DAILY_TALKING_PROMPT,숨이 잘 안 쉬어져요.,1
DAILY_TALKING_PROMPT,어지럽고 토할 것 같아요.,1
DAILY_TALKING_PROMPT,나 좀 살려줘요.,1
DAILY_TALKING_PROMPT,"너무 아파요, 병원 가야 할 것 같아요.",1
DAILY_TALKING_PROMPT,배가 너무 아파요.,1
DAILY_TALKING_PROMPT,숨이 잘 안 쉬어져요.,1
DAILY_TALKING_PROMPT,어지럽고 토할 것 같아요.,1
DAILY_TALKING_PROMPT,나 좀 살려줘요.,1
DAILY_TALKING_PROMPT,"너무 아파요, 병원 가야 할 것 같아요.",1
DAILY_TALKING_PROMPT,배가 너무 아파요.,1
DAILY_TALKING_PROMPT,숨이 잘 안 쉬어져요.,1
DAILY_TALKING_PROMPT,어지럽고 토할 것 같아요.,1
DAILY_TALKING_PROMPT,나 좀 살려줘요.,1
DAILY_TALKING_PROMPT,"너무 아파요, 병원 가야 할 것 같아요.",1
DAILY_TALKING_PROMPT,배가 너무 아파요.,1
DAILY_TALKING_PROMPT,숨이 잘 안 쉬어져요.,1
DAILY_TALKING_PROMPT,어지럽고 토할 것 같아요.,1
DAILY_TALKING_PROMPT,나 좀 살려줘요.,1
DAILY_TALKING_PROMPT,"너무 아파요, 병원 가야 할 것 같아요.",1
DAILY_TALKING_PROMPT,배가 너무 아파요.,1
DAILY_TALKING_PROMPT,숨이 잘 안 쉬어져요.,1
DAILY_TALKING_PROMPT,어지럽고 토할 것 같아요.,1
DAILY_TALKING_PROMPT,나 좀 살려줘요.,1
DAILY_TALKING_PROMPT,"너무 아파요, 병원 가야 할 것 같아요.",1
DAILY_TALKING_PROMPT,배가 너무 아파요.,1
DAILY_TALKING_PROMPT,숨이 잘 안 쉬어져요.,1
DAILY_TALKING_PROMPT,어지럽고 토할 것 같아요.,1
DAILY_TALKING_PROMPT,나 좀 살려줘요.,1
DAILY_TALKING_PROMPT,"너무 아파요, 병원 가야 할 것 같아요.",1
DAILY_TALKING_PROMPT,배가 너무 아파요.,1
DAILY_TALKING_PROMPT,숨이 잘 안 쉬어져요.,1
DAILY_TALKING_PROMPT,어지럽고 토할 것 같아요.,1
DAILY_TALKING_PROMPT,나 좀 살려줘요.,1
DAILY_TALKING_PROMPT,"너무 아파요, 병원 가야 할 것 같아요.",1
INTENT_INFERENCE_PROMPT,오늘 약 언제 먹어야 해?,0
INTENT_INFERENCE_PROMPT,약 먹을 시간 알려줘,0
INTENT_INFERENCE_PROMPT,약 챙길 시간이야?,0
INTENT_INFERENCE_PROMPT,이번 주 약 복용 스케줄 보여줘,0
INTENT_INFERENCE_PROMPT,이 약은 언제 먹는 거야?,0
INTENT_INFERENCE_PROMPT,오늘 약 언제 먹어야 해?,0
INTENT_INFERENCE_PROMPT,약 먹을 시간 알려줘,0
INTENT_INFERENCE_PROMPT,약 챙길 시간이야?,0
INTENT_INFERENCE_PROMPT,이번 주 약 복용 스케줄 보여줘,0
INTENT_INFERENCE_PROMPT,이 약은 언제 먹는 거야?,0
INTENT_INFERENCE_PROMPT,오늘 약 언제 먹어야 해?,0
INTENT_INFERENCE_PROMPT,약 먹을 시간 알려줘,0
INTENT_INFERENCE_PROMPT,약 챙길 시간이야?,0
INTENT_INFERENCE_PROMPT,이번 주 약 복용 스케줄 보여줘,0
INTENT_INFERENCE_PROMPT,이 약은 언제 먹는 거야?,0
INTENT_INFERENCE_PROMPT,오늘 약 언제 먹어야 해?,0
INTENT_INFERENCE_PROMPT,약 먹을 시간 알려줘,0
INTENT_INFERENCE_PROMPT,약 챙길 시간이야?,0
INTENT_INFERENCE_PROMPT,이번 주 약 복용 스케줄 보여줘,0
INTENT_INFERENCE_PROMPT,이 약은 언제 먹는 거야?,0
INTENT_INFERENCE_PROMPT,오늘 약 언제 먹어야 해?,0
INTENT_INFERENCE_PROMPT,약 먹을 시간 알려줘,0
INTENT_INFERENCE_PROMPT,약 챙길 시간이야?,0
INTENT_INFERENCE_PROMPT,이번 주 약 복용 스케줄 보여줘,0
INTENT_INFERENCE_PROMPT,이 약은 언제 먹는 거야?,0
INTENT_INFERENCE_PROMPT,오늘 약 언제 먹어야 해?,0
INTENT_INFERENCE_PROMPT,약 먹을 시간 알려줘,0
INTENT_INFERENCE_PROMPT,약 챙길 시간이야?,0
INTENT_INFERENCE_PROMPT,이번 주 약 복용 스케줄 보여줘,0
INTENT_INFERENCE_PROMPT,이 약은 언제 먹는 거야?,0
INTENT_INFERENCE_PROMPT,오늘 약 언제 먹어야 해?,0
INTENT_INFERENCE_PROMPT,약 먹을 시간 알려줘,0
INTENT_INFERENCE_PROMPT,약 챙길 시간이야?,0
INTENT_INFERENCE_PROMPT,요즘 날씨가 좋아서 기분이 좋아,1
INTENT_INFERENCE_PROMPT,오늘은 뭐 하고 지낼까?,1
INTENT_INFERENCE_PROMPT,밥은 드셨어요?,1
INTENT_INFERENCE_PROMPT,오늘도 좋은 하루 되세요!,1
INTENT_INFERENCE_PROMPT,기분이 꿀꿀하네,1
INTENT_INFERENCE_PROMPT,요즘 날씨가 좋아서 기분이 좋아,1
INTENT_INFERENCE_PROMPT,오늘은 뭐 하고 지낼까?,1
INTENT_INFERENCE_PROMPT,밥은 드셨어요?,1
INTENT_INFERENCE_PROMPT,오늘도 좋은 하루 되세요!,1
INTENT_INFERENCE_PROMPT,기분이 꿀꿀하네,1
INTENT_INFERENCE_PROMPT,요즘 날씨가 좋아서 기분이 좋아,1
INTENT_INFERENCE_PROMPT,오늘은 뭐 하고 지낼까?,1
INTENT_INFERENCE_PROMPT,밥은 드셨어요?,1
INTENT_INFERENCE_PROMPT,오늘도 좋은 하루 되세요!,1
INTENT_INFERENCE_PROMPT,기분이 꿀꿀하네,1
INTENT_INFERENCE_PROMPT,요즘 날씨가 좋아서 기분이 좋아,1
INTENT_INFERENCE_PROMPT,오늘은 뭐 하고 지낼까?,1
INTENT_INFERENCE_PROMPT,밥은 드셨어요?,1
INTENT_INFERENCE_PROMPT,오늘도 좋은 하루 되세요!,1
INTENT_INFERENCE_PROMPT,기분이 꿀꿀하네,1
INTENT_INFERENCE_PROMPT,요즘 날씨가 좋아서 기분이 좋아,1
INTENT_INFERENCE_PROMPT,오늘은 뭐 하고 지낼까?,1
INTENT_INFERENCE_PROMPT,밥은 드셨어요?,1
INTENT_INFERENCE_PROMPT,오늘도 좋은 하루 되세요!,1
INTENT_INFERENCE_PROMPT,기분이 꿀꿀하네,1
INTENT_INFERENCE_PROMPT,요즘 날씨가 좋아서 기분이 좋아,1
INTENT_INFERENCE_PROMPT,오늘은 뭐 하고 지낼까?,1
INTENT_INFERENCE_PROMPT,밥은 드셨어요?,1
INTENT_INFERENCE_PROMPT,오늘도 좋은 하루 되세요!,1
INTENT_INFERENCE_PROMPT,기분이 꿀꿀하네,1
INTENT_INFERENCE_PROMPT,요즘 날씨가 좋아서 기분이 좋아,1
INTENT_INFERENCE_PROMPT,오늘은 뭐 하고 지낼까?,1
INTENT_INFERENCE_PROMPT,밥은 드셨어요?,1
INTENT_INFERENCE_PROMPT,그게... 음 뭐더라,2
INTENT_INFERENCE_PROMPT,음... 잘 모르겠어,2
INTENT_INFERENCE_PROMPT,흠... 응,2
INTENT_INFERENCE_PROMPT,...,2
INTENT_INFERENCE_PROMPT,글쎄다,2
INTENT_INFERENCE_PROMPT,그게... 음 뭐더라,2
INTENT_INFERENCE_PROMPT,음... 잘 모르겠어,2
INTENT_INFERENCE_PROMPT,흠... 응,2
INTENT_INFERENCE_PROMPT,...,2
INTENT_INFERENCE_PROMPT,글쎄다,2
INTENT_INFERENCE_PROMPT,그게... 음 뭐더라,2
INTENT_INFERENCE_PROMPT,음... 잘 모르겠어,2
INTENT_INFERENCE_PROMPT,흠... 응,2
INTENT_INFERENCE_PROMPT,...,2
INTENT_INFERENCE_PROMPT,글쎄다,2
INTENT_INFERENCE_PROMPT,그게... 음 뭐더라,2
INTENT_INFERENCE_PROMPT,음... 잘 모르겠어,2
INTENT_INFERENCE_PROMPT,흠... 응,2
INTENT_INFERENCE_PROMPT,...,2
INTENT_INFERENCE_PROMPT,글쎄다,2
INTENT_INFERENCE_PROMPT,그게... 음 뭐더라,2
INTENT_INFERENCE_PROMPT,음... 잘 모르겠어,2
INTENT_INFERENCE_PROMPT,흠... 응,2
INTENT_INFERENCE_PROMPT,...,2
INTENT_INFERENCE_PROMPT,글쎄다,2
INTENT_INFERENCE_PROMPT,그게... 음 뭐더라,2
INTENT_INFERENCE_PROMPT,음... 잘 모르겠어,2
INTENT_INFERENCE_PROMPT,흠... 응,2
INTENT_INFERENCE_PROMPT,...,2
INTENT_INFERENCE_PROMPT,글쎄다,2
INTENT_INFERENCE_PROMPT,그게... 음 뭐더라,2
INTENT_INFERENCE_PROMPT,음... 잘 모르겠어,2
INTENT_INFERENCE_PROMPT,흠... 응,2
